urlset xmlns="http://www.sitemaps.org/schemas/sitemap/0.9">
  <url>
    <priority>
      0.5
    </priority>
    <loc>
     https://djbjd.top/box.php
    </loc>
    <lastmod>
      2021-03-28
    </lastmod>
    <changefreq>
      daily
    </changefreq>
    <mobile xmlns="http://www.baidu.com/schemas/sitemap-mobile/1/" type="mobile"/>
  </url>
  <url>
    <priority>
      0.5
    </priority>
    <loc>
      https://djbjd.top/cz.php
    </loc>
    <lastmod>
      2021-01-12
    </lastmod>
    <changefreq>
      daily
    </changefreq>
    <mobile xmlns="http://www.baidu.com/schemas/sitemap-mobile/1/" type="mobile"/>
  </url>
  <url>
    <priority>
      0.5
    </priority>
    <loc>
     https://djbjd.top/jqrcz.php
    </loc>
    <lastmod>
      2021-02-12
    </lastmod>
    <changefreq>
      daily
    </changefreq>
    <mobile xmlns="http://www.baidu.com/schemas/sitemap-mobile/1/" type="mobile"/>
  </url>
</urlset>